date,topic_or_title,blog_url,board_name,content_category,extra_notes,preferred_style,brand_colors,pins_per_day
2025-08-01,10 Easy Healthy Breakfast Ideas for Busy Moms,https://myblog.com/healthy-breakfast-ideas,Food & Nutrition,Food & Recipes,Focus on quick prep under 10 minutes,flat lay,,4
2025-08-02,How to Start a Budget That Actually Works,https://myblog.com/how-to-start-budget,Personal Finance,Finance & Business,Beginner friendly,infographic,#2563eb,3
2025-08-03,5 Yoga Poses for Better Sleep,https://myblog.com/yoga-for-sleep,Health & Wellness,Health & Wellness,Evening routine focus,lifestyle,,5
2025-08-05,DIY Home Office Makeover Under $100,https://myblog.com/diy-home-office,Home & DIY,Home & DIY,Budget makeover,step-by-step,#059669,3
2025-08-07,Summer Capsule Wardrobe Essentials,https://myblog.com/summer-capsule,Fashion & Beauty,Fashion & Beauty,Minimalist approach,product showcase,,4
2025-08-10,Best Family-Friendly Travel Destinations,https://myblog.com/family-travel,Travel,Travel,US destinations only,scenic landscape,,5
2025-08-14,Teaching Kids About Money: Age-by-Age Guide,https://myblog.com/teaching-kids-money,Parenting,Parenting,Ages 3-18 covered,infographic,,4
2025-08-18,AI Tools That Will Save You 10 Hours a Week,https://myblog.com/ai-productivity-tools,Technology,Technology,Free tools focus,minimal,#7c3aed,3
2025-08-22,Learn a New Language in 15 Minutes a Day,https://myblog.com/language-learning,Education,Education,App recommendations,text card,,4
2025-08-26,The Power of Morning Routines: Transform Your Life,https://myblog.com/morning-routine,Motivational,Motivational,Science-backed tips,quote card,,5
